pond,date,sampling_time,total_coliform,temp_celsius(air),ORP_mV,turbidity_FAU,e_coli_MPN_100_mL,enterococci,temp_celsius(water),conductivity_mu_S,pH
1,2/5/2014,9:40 AM,1.0,23.9,192.0,11.0,1.0,37.2,20.7,141.0,7.04
1,2/12/2014,9:15 AM,26.6,17.4,179.0,10.0,1.0,1046.2,17.9,154.0,7.18
1,2/13/2014,10:00 AM,111.9,14.9,96.0,7.0,2.0,1299.7,17.5,124.0,6.93
1,2/19/2014,9:00 AM,4640.0,19.3,123.0,12.0,2.0,50.5,18.1,138.0,7.38
1,2/26/2014,9:15 AM,2.0,16.8,195.0,11.0,1.0,478.6,21.1,161.0,8.09
1,3/5/2014,9:30 AM,488.4,18.5,164.0,10.0,1.0,23.7,21.5,154.0,8.0
1,3/12/2014,9:00 AM,23.1,20.5,137.0,23.0,1.0,1413.6,21.3,227.0,8.85
1,3/18/2014,9:00 AM,2419.6,16.5,106.0,48.0,9.7,1299.7,21.1,136.0,8.86
1,3/19/2014,9:05 AM,816.4,16.5,108.0,29.0,1.0,32.0,21.2,140.0,8.39
1,3/26/2014,9:05 AM,547.5,7.5,102.0,28.0,1.0,28.5,20.5,140.0,8.28
1,4/2/2014,9:00 AM,2419.6,18.5,123.0,25.0,1.0,410.6,21.6,136.0,9.57
1,4/9/2014,9:15 AM,461.1,15.0,124.0,18.0,1.0,21.1,22.0,136.0,9.05
1,4/16/2014,9:05 AM,261.3,12.5,136.0,16.0,1.0,24.7,23.4,129.0,9.23
1,4/23/2014,9:00 AM,1732.9,21.0,171.0,13.0,1.0,12.3,22.5,175.0,9.29
1,4/30/2014,10:00 AM,547.5,27.5,177.0,28.0,1.0,5.1,28.2,155.0,9.72
1,5/7/2014,9:00 AM,2280.0,23.8,153.0,12.0,3.1,10.8,26.7,137.0,9.1
1,5/14/2014,9:30 AM,1119.9,27.0,104.0,30.0,1.0,11.0,28.1,140.0,10.53
1,5/15/2014,9:25 AM,224.7,26.5,98.0,55.0,1.0,4.1,28.2,123.0,10.21
1,5/21/2014,9:00 AM,686.7,23.6,92.0,46.0,1.0,2.0,26.3,107.0,10.63
1,5/28/2014,8:56 AM,3990.0,27.0,100.0,26.0,1.0,22.6,28.8,98.0,10.34
1,6/4/2014,9:05 AM,5560.0,25.7,145.0,18.0,1.0,185.0,27.5,98.0,9.42
1,6/11/2014,8:55 AM,2930.0,24.1,147.0,24.0,1.0,6.1,29.7,104.0,9.37
1,6/18/2014,9:15 AM,1553.1,27.0,162.0,49.0,1.0,10.9,29.7,100.0,9.6
1,6/25/2014,8:55 AM,1553.1,28.7,178.0,25.0,1.0,21.1,31.0,103.0,9.36
2,11/7/2012,11:46 AM,9340.0,18.5,152.0,24.0,7.4,46.5,21.0,355.0,7.98
2,11/14/2012,11:38 AM,5940.0,22.5,178.0,17.0,2.0,124.0,21.3,359.0,8.56
2,11/21/2012,9:34 AM,8820.0,18.6,173.0,72.0,7.4,270.0,19.0,368.0,7.89
2,11/28/2012,11:39 AM,10810.0,25.7,156.0,34.0,1.0,2419.6,20.8,356.0,8.88
2,12/5/2012,11:20 AM,4350.0,24.6,155.0,57.0,1.0,524.7,20.6,332.0,9.55
2,12/12/2012,9:40 AM,27550.0,22.2,136.0,58.0,28.5,2419.6,22.2,331.0,9.17
2,12/19/2012,9:38 AM,22820.0,17.9,145.0,23.0,1.0,1203.3,19.6,360.0,8.2
2,12/23/2012,12:20 PM,123600.0,18.9,142.0,35.0,325.5,2419.6,17.8,337.0,7.86
2,12/26/2012,11:39 AM,34480.0,23.6,131.0,18.0,30.1,2419.6,18.1,329.0,7.97
2,1/2/2013,11:44 AM,1553.1,26.3,168.0,23.0,1.0,1553.1,20.8,319.0,8.92
2,1/9/2013,10:11 AM,2419.6,24.9,114.0,35.0,2.0,231.0,20.9,311.0,9.42
2,1/16/2013,9:56 AM,1553.1,23.7,93.0,39.0,1.0,70.3,21.6,311.0,9.58
2,1/23/2013,9:49 AM,2419.6,16.4,80.0,16.0,4.1,1732.9,17.1,336.0,8.79
2,1/30.2013,9:50 AM,8600.0,23.0,56.0,14.0,3.0,52.8,20.7,334.0,9.0
2,2/6/2013,10:02 AM,2430.0,22.2,101.0,19.0,1.0,6.3,18.3,337.0,9.28
2,2/13/2013,10:05 AM,2419.6,23.9,91.0,17.0,1.0,3.1,18.6,335.0,8.97
2,2/15/2013,10:17 AM,298700.0,12.4,125.0,26.0,524.7,2880.0,18.8,335.0,8.18
2,2/17/2013,10:04 AM,61310.0,9.6,56.0,25.0,156.5,1553.1,17.1,333.0,7.96
2,2/18/2013,10:26 AM,19680.0,15.7,144.0,24.0,102.2,1986.3,16.8,340.0,7.88
2,2/20/2013,9:53 AM,43600.0,19.4,147.0,19.0,24.3,172.7,18.3,334.0,8.2
2,2/27/2013,9:55 AM,4140.0,19.7,120.0,21.0,30.9,1046.2,21.6,338.0,8.85
2,3/6/2013,10:08 AM,2419.6,13.3,137.0,29.0,1.0,178.2,17.7,339.0,8.54
2,3/13/2013,10:08 AM,2419.6,14.5,129.0,15.0,2.0,2419.6,17.8,344.0,8.78
2,3/20/2013,9:29 AM,1413.6,21.0,117.0,7.0,2.0,15.8,21.4,349.0,8.87
2,3/23/2013,7:46 AM,6488000.0,17.9,72.0,48.0,11530.0,15290.0,18.7,264.0,7.7
2,3/25/2013,10:09 AM,488400.0,16.7,86.0,12.0,1986.3,2419.6,19.7,256.0,7.68
2,3/27/2013,9:53 AM,86000.0,11.0,23.0,15.0,238.2,343.0,17.6,275.0,7.56
2,4/3/2013,10:11 AM,3500.0,24.4,52.0,30.0,2.0,290.4,22.7,273.0,9.51
2,4/6/2013,9:48 AM,36540.0,17.2,67.0,37.0,53.7,461.1,20.6,272.0,9.37
2,4/8/2013,10:09 AM,4740.0,26.2,86.0,47.0,1.0,69.5,22.3,272.0,9.7
2,4/10/2013,10:02 AM,866400.0,24.6,100.0,28.0,2.0,31.9,22.4,279.0,9.26
2,4/17/2013,9:26 AM,3450.0,23.4,84.0,17.0,1.0,20.0,25.2,295.0,9.17
2*,4/20/2013,9:53 AM,68670000.0,28.9,90.0,22.0,9830.0,8200.0,25.2,289.0,7.84
2*,4/22/2013,9:42 AM,37840000.0,20.3,91.0,32.0,14970.0,3210.0,24.1,293.0,7.44
2*,4/24/2013,10:13 AM,98040000.0,25.6,108.0,29.0,2180.0,2419.6,24.1,294.0,7.51
2,4/30/2013,10:23 AM,816400.0,23.6,95.0,21.0,435.2,2419.6,25.4,294.0,7.67
2,5/1/2013,10:05 AM,980400.0,22.3,113.0,20.0,290.3,5450.0,25.5,303.0,7.79
2,5/2/2013,9:10 AM,24810000.0,20.2,68.0,26.0,6950.0,141360.0,23.9,299.0,7.53
2,5/7/2013,9:59 AM,275500.0,20.7,67.0,17.0,235.9,2060.0,23.8,296.0,7.34
2,5/8/2013,9:54 AM,325500.0,22.2,64.0,23.0,172.2,2419.6,24.2,298.0,7.45
2,5/15/2013,9:54 AM,14670.0,23.1,14.0,21.0,13.4,90.7,24.9,305.0,7.79
2,5/21/2013,9:59 AM,1119900.0,26.4,29.0,56.0,727.0,155310.0,25.5,261.0,7.42
2,5/22/2013,10:02 AM,920800.0,24.4,18.0,57.0,365.4,81640.0,25.4,262.0,7.41
2*,5/24/2013,9:58 AM,579400.0,26.2,22.0,63.0,461.1,2419.6,26.9,202.0,7.19
2,5/26/2013,9:53 AM,36540.0,24.2,54.0,46.0,44.1,11190.0,25.6,206.0,7.24
2,5/29/2013,9:59 AM,8650.0,27.9,71.0,34.0,6.3,352.4,26.1,207.0,7.71
2,10/9/2013,9:15 AM,50120.0,22.0,75.0,36.0,25.7,1299.7,27.1,210.0,7.45
2,10/16/2013,9:30 AM,8860.0,25.6,113.0,26.0,7.5,261.3,26.0,353.0,7.33
2,10/23/2013,9:25 AM,16700.0,24.4,115.0,26.0,16.0,461.1,27.3,306.0,7.86
2,10/30/2013,9:10 AM,24950.0,21.5,86.0,13.0,6.3,1203.3,23.5,315.0,7.68
2,11/6/2013,9:15 AM,75560.0,25.7,65.0,26.0,11.0,1413.6,22.8,280.0,7.46
2,11/13/2013,9:15 AM,2419.6,16.5,70.0,28.0,6.2,290.9,22.1,292.0,7.63
2,11/20/2013,9:30 AM,241960.0,23.8,88.0,26.0,3.1,131.7,22.5,291.0,7.7
2,11/27/2013,9:20 AM,14210.0,19.8,43.0,39.0,7.3,298.7,21.2,301.0,7.75
2,12/3/2013,9:40 AM,2990.0,21.5,68.0,22.0,1.0,38.1,19.2,316.0,7.77
2,12/11/2013,9:35 AM,141360.0,20.2,78.0,27.0,1.0,49.6,22.0,159.0,8.74
2,12/18/2013,9:30 AM,20640.0,12.8,92.0,23.0,12.1,151.0,18.4,151.0,7.41
2,12/23/2013,9:25 AM,22240.0,24.2,80.0,24.0,1.0,68.9,22.1,171.0,8.68
2,12/30/2013,9:20 AM,46740.0,16.2,91.0,26.0,42.8,3640.0,19.6,153.0,8.12
2,1/7/2014,9:05 AM,20140.0,2.3,153.0,21.0,7.5,2419.6,17.0,177.0,7.32
2,1/8/2014,9:10 AM,16640.0,7.0,134.0,23.0,5.2,111.7,15.6,179.0,7.37
2,1/15/2014,9:30 AM,17850.0,12.9,93.0,28.0,2.0,20.1,18.0,171.0,7.37
2,1/22/2014,9:35 AM,155310.0,7.0,142.0,27.0,14.5,2419.6,13.6,175.0,7.2
2,1/23/2014,10:05 AM,14550.0,8.6,120.0,18.0,5.2,113.9,15.6,181.0,6.63
2,1/24/2014,9:30 AM,9090.0,8.6,149.0,18.0,5.2,67.4,15.3,179.0,7.99
2,1/29/2014,9:10 AM,6770.0,11.7,123.0,37.0,1.0,157.6,18.0,183.0,7.2
2,2/5/2014,9:50 AM,7270.0,23.8,178.0,27.0,3.1,57.3,22.0,171.0,7.21
2,2/12/2014,9:30 AM,3590.0,17.3,135.0,20.0,1.0,7.2,18.5,175.0,7.35
2,2/13/2014,10:05 AM,198630.0,14.9,79.0,37.0,285.1,4080.0,17.8,158.0,7.07
2,2/19/2014,9:18 AM,2010.0,19.0,150.0,24.0,1.0,51.2,18.2,168.0,7.79
2,2/26/2014,9:25 AM,488.4,17.1,114.0,37.0,1.0,42.5,21.8,171.0,9.8
2,3/5/2014,9:45 AM,1413.6,18.5,85.0,31.0,1.0,17.7,21.5,170.0,9.43
2*,3/12/2014,9:05 AM,2419.6,20.3,103.0,30.0,1.0,24.6,20.9,178.0,9.13
2,3/18/2014,9:15 AM,2419600.0,16.6,137.0,47.0,206.4,17240.0,20.2,144.0,8.44
2,3/19/2014,9:15 AM,111900.0,16.1,127.0,24.0,50.4,1553.1,20.4,147.0,7.4
2,3/26/2014,9:15 AM,32550.0,7.6,104.0,35.0,3.1,2419.6,19.7,145.0,8.17
2,4/2/2014,9:10 AM,21780.0,18.5,160.0,21.0,19.9,1413.6,22.1,129.0,8.46
2,4/9/2014,9:25 AM,11780.0,15.0,159.0,20.0,9.7,1732.9,21.8,130.0,8.1
2,4/16/2014,9:20 AM,3550.0,12.5,159.0,19.0,12.1,238.7,23.0,102.0,8.57
2,4/23/2014,9:15 AM,241960.0,21.0,193.0,8.0,18.3,1986.3,22.0,141.0,8.27
2,4/30/2014,10:10 AM,104600.0,27.6,166.0,14.0,1.0,34.3,24.3,143.0,8.45
2*,5/7/2014,9:15 AM,1119900.0,23.9,181.0,29.0,2419.6,29240.0,25.3,113.0,7.6
2,5/14/2014,9:45 AM,10430.0,26.9,176.0,32.0,10.9,770.1,27.1,122.0,8.21
2,5/15/2014,9:35 AM,2590.0,26.4,166.0,29.0,3.1,3360.0,27.2,116.0,8.39
2,5/21/2014,9:15 AM,12230.0,23.7,154.0,37.0,6.2,37.2,24.2,126.0,8.78
2,5/28/2014,9:12 AM,54750.0,27.1,132.0,34.0,1.0,178.2,27.4,129.0,9.35
2*,6/4/2014,9:20 AM,129920.0,27.3,184.0,32.0,30.1,2419.6,26.7,126.0,7.62
2,6/11/2014,9:05 AM,111990.0,25.0,189.0,19.0,4.1,152.9,28.7,133.0,7.41
2,6/18/2014,9:30 AM,3360.0,27.8,202.0,32.0,2.0,110.0,28.5,112.0,7.51
2,6/25/2014,9:10 AM,19350.0,28.5,219.0,28.0,5.2,275.5,29.0,112.0,7.59
3,11/7/2012,12:18 PM,7270.0,19.0,163.0,20.0,1.0,68.1,21.2,282.0,6.98
3,11/14/2012,12:03 PM,11780.0,22.8,206.0,20.0,1.0,686.7,21.8,297.0,8.0
3,11/21/2012,9:58 AM,26030.0,19.9,180.0,18.0,13.5,66.3,19.8,305.0,7.51
3,11/28/2012,12:04 PM,52470.0,25.2,180.0,20.0,66.3,41.0,20.8,302.0,8.61
3,12/5/2012,11:45 AM,141360.0,26.5,163.0,17.0,1.0,52.8,21.4,302.0,8.69
3,12/12/2012,10:04 AM,365400.0,23.1,155.0,12.0,1.0,307.6,22.7,304.0,8.45
3,12/19.2012,10:00 AM,36540.0,20.8,161.0,22.0,1.0,14.6,20.5,313.0,7.4
3,12/23/2012,12:44 PM,34480.0,20.0,160.0,35.0,7.5,67.0,17.9,312.0,7.4
3,12/26/2012,12:02 PM,19180.0,24.3,151.0,21.0,1.0,58.3,18.5,308.0,7.49
3,1/2/2013,12:06 PM,2419.6,26.6,184.0,18.0,1.0,12.0,18.4,310.0,7.82
3,1/9/2013,10:34 AM,4800.0,25.7,129.0,15.0,2.0,23.1,21.0,308.0,8.85
3,1/16/2013,10:15 AM,2419.6,25.2,102.0,27.0,1.0,13.4,22.3,305.0,9.82
3,1/23/2013,10:08 AM,1553.1,15.8,84.0,16.0,3.0,57.6,17.7,310.0,8.77
3,1/30.2013,10:12 AM,11060.0,25.0,58.0,16.0,11.9,2419.6,21.0,295.0,9.05
3,2/6/2013,10:22 AM,5380.0,21.5,95.0,26.0,1.0,40.8,19.1,304.0,9.78
3,2/13/2013,10:30 AM,3640.0,25.4,87.0,82.0,1.0,35.5,19.0,301.0,9.25
3,2/15/2013,10:39 AM,4140.0,12.4,116.0,24.0,1.0,1413.6,18.9,297.0,9.63
3,2/17/2013,10:26 AM,7760.0,11.3,53.0,27.0,1.0,178.5,17.5,295.0,9.27
3,2/18/2013,10:45 AM,8160.0,15.1,122.0,32.0,1.0,162.4,17.5,290.0,9.23
3,2/20/2013,10:12 AM,10760.0,20.8,131.0,27.0,1.0,141.4,19.1,288.0,9.4
3,2/27/2013,10:17 AM,4800.0,20.7,109.0,46.0,1.0,113.7,21.9,286.0,9.72
3,3/6/2013,10:27 AM,2920.0,19.2,134.0,43.0,1.0,101.4,17.6,287.0,9.12
3,3/13/2013,10:28 AM,8820.0,18.5,138.0,48.0,2.0,185.0,18.5,298.0,8.55
3,3/20/2013,9:50 AM,2490.0,20.7,128.0,36.0,1.0,33.3,21.3,306.0,7.97
3,3/23/2013,8:07 AM,156500.0,18.0,78.0,22.0,42.0,2419.6,18.8,300.0,7.36
3,3/25/2013,10:30 AM,1299700.0,18.8,91.0,15.0,47.9,980.4,20.6,292.0,7.57
3,3/27/2013,10:13 AM,7490.0,12.0,28.0,26.0,2.0,68.0,17.1,295.0,7.66
3,4/3/2013,10:45 AM,2490.0,25.2,50.0,25.0,2.0,86.0,23.8,293.0,9.94
3,4/6/2013,10:12 AM,4640.0,18.3,62.0,22.0,1.0,48.2,21.1,285.0,9.36
3,4/8/2013,10:31 AM,5650.0,25.8,94.0,19.0,1.0,93.4,22.7,288.0,9.38
3,4/10/2013,10:23 AM,8130.0,24.8,108.0,17.0,1.0,15.5,23.1,292.0,8.88
3,4/17/2013,9:46 AM,2380.0,25.0,92.0,16.0,2.0,42.2,25.8,306.0,8.64
3,4/20/2013,10:16 AM,209800.0,19.4,91.0,15.0,5.2,1732.9,25.4,294.0,8.58
3,4/22/2013,10:05 AM,29200.0,20.6,89.0,17.0,10.9,4570.0,24.1,301.0,8.09
3,4/24/2013,10:40 AM,24890.0,25.2,109.0,16.0,1.0,100.6,25.0,299.0,8.46
3,4/30/2013,10:51 AM,816400.0,26.3,96.0,25.0,80.5,8360.0,26.0,283.0,8.37
3,5/1/2013,10:26 AM,1732900.0,22.0,115.0,23.0,56.1,4790.0,25.1,284.0,7.94
3,5/2/2013,9:34 AM,1413600.0,20.8,72.0,24.0,23.3,5280.0,23.8,282.0,7.51
3,5/7/2013,10:22 AM,547500.0,23.1,69.0,19.0,1.0,286.3,24.8,263.0,7.51
3,5/8/2013,10:13 AM,488400.0,23.4,68.0,27.0,5.2,119.8,24.5,265.0,7.67
3,5/15/2013,10:15 AM,8450.0,27.7,7.0,14.0,1.0,97.7,25.9,271.0,7.68
3,5/21/2013,10:21 AM,6440.0,27.1,30.0,19.0,1.0,77.1,28.4,270.0,8.85
3,5/22/2013,10:24 AM,16070.0,25.6,22.0,18.0,1.0,38.8,27.7,271.0,8.58
3,5/24/2013,10:20 AM,93300.0,29.2,22.0,23.0,7.4,148.1,27.8,253.0,8.61
3,5/26/2013,10:15 AM,61300.0,24.7,46.0,19.0,3.1,38.8,27.1,260.0,7.78
3,5/29/2013,10:20 AM,26130.0,26.3,52.0,18.0,3.0,98.3,26.8,268.0,7.58
3,10/9/2013,9:45 AM,16700.0,21.2,76.0,28.0,7.4,1046.2,27.8,249.0,7.62
3,10/16/2013,10:00 AM,10460.0,24.7,95.0,16.0,24.1,727.0,27.2,281.0,7.01
3,10/23/2013,9:45 AM,27230.0,23.0,112.0,30.0,90.8,770.1,27.2,297.0,7.06
3,10/30/2013,9:30 AM,6970.0,21.2,98.0,20.0,28.5,579.4,23.8,322.0,7.47
3,11/6/2013,9:40 AM,10360.0,25.0,53.0,26.0,6.3,146.7,24.2,320.0,7.32
3,11/13/2013,9:35 AM,2419.6,16.6,72.0,33.0,2.0,184.2,22.1,320.0,7.5
3,11/20/2013,9:50 AM,241960.0,24.0,85.0,22.0,10.7,686.7,22.9,313.0,7.62
3,11/27/2013,9:40 AM,68670.0,19.1,44.0,27.0,3.0,114.5,21.6,321.0,7.45
3,12/3/2013,10:00 AM,14550.0,21.7,70.0,24.0,3.1,80.9,19.6,313.0,7.84
3,12/11/2013,10:05 AM,7710.0,21.4,63.0,22.0,10.9,24.6,22.4,172.0,8.68
3,12/18/2013,10:00 AM,2930.0,14.6,90.0,40.0,9.6,52.9,19.0,170.0,7.18
3,12/23/2013,9:50 AM,4730.0,25.3,93.0,26.0,8.5,191.8,22.2,177.0,7.9
3*,12/30/2013,9:40 AM,19890.0,15.9,91.0,34.0,39.7,396.8,19.7,163.0,5.11
3,1/7/2014,9:25 AM,4070.0,2.8,157.0,17.0,3.1,48.8,16.0,167.0,7.37
3,1/8/2014,9:35 AM,5250.0,7.2,136.0,21.0,8.4,51.2,14.1,168.0,7.33
3*,1/15/2014,10:10 AM,9080.0,13.1,101.0,23.0,13.1,4.1,18.1,163.0,7.35
3,1/22/2014,10:00 AM,2419.6,8.4,140.0,29.0,5.0,261.3,15.4,159.0,7.07
3,1/23/2014,10:30 AM,2490.0,8.7,125.0,22.0,1.0,23.3,15.0,147.0,6.78
3,1/24/2014,9:55 AM,2280.0,9.1,141.0,23.0,1.0,14.4,14.1,156.0,6.91
3,1/29/2014,9:30 AM,2419.6,12.6,124.0,22.0,3.0,37.3,27.7,161.0,7.09
3,2/5/2014,10:15 AM,3890.0,25.6,148.0,22.0,1.0,82.1,22.0,151.0,7.12
3,2/12/2014,9:45 AM,111990.0,17.7,137.0,15.0,1.0,6.3,18.8,157.0,7.36
3,2/13/2014,10:25 AM,241960.0,17.0,91.0,38.0,46.7,2419.6,18.5,145.0,6.98
3,2/19/2014,9:43 AM,5460.0,20.8,119.0,27.0,2.0,2419.6,19.0,150.0,7.93
3,2/26/2014,9:50 AM,198630.0,21.0,122.0,12.0,2.0,7.3,22.5,156.0,9.7
3,3/5/2014,10:10 AM,15220.0,20.1,109.0,9.0,14.2,10.7,21.8,153.0,9.07
3,3/12/2014,9:25 AM,9870.0,20.3,98.0,10.0,1.0,5.1,21.5,154.0,9.14
3,3/18/2014,9:30 AM,198630.0,16.7,107.0,33.0,7.4,3990.0,21.0,145.0,8.9
3,3/19/2014,9:35 AM,241960.0,16.4,94.0,18.0,10.9,1299.7,21.2,144.0,8.41
3,3/26/2014,,19350.0,8.0,122.0,17.0,2.0,111.9,20.7,143.0,7.7
3,4/2/2014,9:30 AM,241960.0,22.5,130.0,9.0,2.0,517.2,21.7,139.0,9.18
3,4/9/2014,9:45 AM,241960.0,15.9,146.0,6.0,2.0,2460.0,22.7,142.0,8.16
3,4/16/2014,9:40 AM,14390.0,13.0,194.0,15.0,1.0,461.1,23.6,145.0,8.06
3,4/23/2014,9:35 AM,241960.0,21.0,199.0,2.0,1.0,240.0,22.8,145.0,8.13
3,4/30/2014,10:40 AM,15650.0,27.7,133.0,2.0,1.0,9.4,27.8,148.0,9.48
3,5/7/2014,9:35 AM,92080.0,24.5,155.0,14.0,1.0,416.0,27.1,125.0,8.75
3,5/14/2014,10:00 AM,193500.0,28.0,180.0,8.0,1.0,547.5,27.7,131.0,8.1
3,5/15/2014,10:00 AM,13540.0,29.5,170.0,22.0,1.0,1553.1,27.7,121.0,8.14
3,5/21/2014,9:35 AM,2330.0,25.1,162.0,21.0,1.0,13.2,26.4,128.0,8.16
3,5/28/2014,9:33 AM,25950.0,28.0,143.0,16.0,1.0,82.0,28.6,130.0,8.96
3,6/4/2014,9:45 AM,7590.0,27.8,185.0,20.0,3.1,204.6,27.0,128.0,7.53
3,6/11/2014,9:25 AM,7120.0,25.1,194.0,9.0,5.2,40.4,29.0,134.0,7.17
3,6/18/2014,9:45 AM,5190.0,28.3,201.0,16.0,1.0,137.6,29.6,128.0,7.12
3,6/25/2014,9:35 AM,7710.0,30.6,223.0,9.0,1.0,113.9,30.3,131.0,7.2
4,11/7/2012,12:37 PM,13540.0,18.0,134.0,76.0,76.3,613.1,21.1,397.0,9.04
4,11/14/2012,12:17 PM,6200.0,22.7,163.0,96.0,67.0,325.5,22.0,396.0,9.17
4,11/21/2012,10:16 AM,9850.0,20.5,178.0,55.0,95.9,387.2,19.2,424.0,7.97
4,11/28/2012,12:17 PM,6890.0,24.9,177.0,85.0,41.4,365.4,20.7,411.0,9.07
4,12/5/2012,11:58 AM,129970.0,26.3,175.0,74.0,70.8,161.6,21.1,418.0,8.77
4,12/12/2012,10:18 AM,43520.0,24.4,173.0,52.0,167.0,770.1,23.5,435.0,7.43
4,12/19/2012,10:15 AM,83600.0,17.6,169.0,69.0,135.4,365.4,20.1,439.0,7.95
4*,12/23/2012,12:57 PM,26130.0,20.2,158.0,89.0,235.0,1046.2,15.9,423.0,8.91
4*,12/26/2012,12:14 PM,10460.0,24.4,145.0,77.0,365.4,2920.0,18.7,413.0,9.25
4,1/2/2013,12:22 PM,8010.0,26.6,162.0,59.0,104.6,307.6,21.8,401.0,9.47
4,1/9/2013,10:47 AM,5540.0,25.2,144.0,71.0,29.2,193.5,19.9,404.0,9.16
4,1/16/2013,10:28 AM,10120.0,26.3,127.0,43.0,27.5,613.1,22.5,412.0,8.63
4,1/23/2013,10:20 AM,5710.0,15.4,88.0,41.0,14.5,142.1,16.6,411.0,8.68
4,1/30.2013,10:23 AM,12670.0,25.5,68.0,52.0,7.4,128.1,21.1,408.0,9.17
4,2/6/2013,10:34 AM,30760.0,24.2,104.0,51.0,1.0,139.6,18.1,393.0,9.75
4,2/13/2013,10:43 AM,14390.0,25.8,100.0,44.0,12.1,75.2,15.6,386.0,9.08
4*,2/15/2013,10:51 AM,24890.0,13.1,130.0,30.0,24.3,686.7,19.1,396.0,8.18
4,2/17/2013,10:43 AM,3970.0,8.7,63.0,33.0,5.2,67.6,15.6,394.0,8.45
4,2/18/2013,10:58 AM,21870.0,16.3,134.0,41.0,9.8,378.4,15.6,387.0,8.46
4,2/20/2013,10:24 AM,3730.0,20.6,140.0,32.0,1.0,21.8,18.8,379.0,8.77
4,2/27/2013,10:32 AM,51720.0,20.8,123.0,47.0,56.1,184.2,22.5,389.0,8.84
4,3/6/2013,10:41 AM,4500.0,15.1,138.0,61.0,20.3,95.8,17.6,381.0,9.09
4,3/13/2013,10:41 AM,20980.0,17.5,133.0,72.0,9.7,410.6,18.3,387.0,9.21
4,3/20/2013,10:02 AM,23590.0,22.1,125.0,44.0,5.2,307.6,21.5,382.0,9.1
4,3/23/2013,8:20 AM,248100.0,18.3,72.0,48.0,517.2,5200.0,18.9,367.0,8.83
4,3/25/2013,10:41 AM,866400.0,18.5,94.0,30.0,83.3,2419.6,21.3,365.0,7.96
4,3/27/2013,10:22 AM,43200.0,10.2,30.0,38.0,6.3,2419.6,17.0,370.0,8.77
4,4/3/2013,10:59 AM,76300.0,25.6,38.0,21.0,4.1,2419.6,23.0,372.0,9.05
4,4/6/2013,10:28 AM,41060.0,18.4,55.0,37.0,12.2,2419.6,20.8,367.0,8.99
4,4/8/2013,10:45 AM,9880.0,25.8,95.0,38.0,1.0,816.4,22.4,363.0,9.38
4,4/10/2013,10:26 AM,8600.0,26.0,106.0,58.0,1.0,236.7,22.7,358.0,9.31
4,4/17/2013,9:59 AM,17260.0,26.1,89.0,76.0,17.1,2419.6,25.8,365.0,9.24
4,4/20/2013,10:30 AM,37840.0,18.4,92.0,68.0,7.5,2419.6,25.0,354.0,8.76
4,4/22/2013,10:20 AM,85700.0,21.6,92.0,61.0,178.5,2419.6,23.8,372.0,7.92
4,4/24/2013,10:53 AM,5120.0,26.9,118.0,57.0,3.1,1732.9,24.7,373.0,7.84
4,4/30/2013,11:06 AM,365400.0,26.9,99.0,70.0,298.7,6440.0,26.2,358.0,8.3
4,5/1/2013,10:39 AM,231000.0,22.0,117.0,72.0,360.9,2280.0,25.2,360.0,8.35
4*,5/2/2013,9:51 AM,387300.0,21.1,73.0,74.0,770.1,29090.0,23.8,353.0,8.05
4,5/7/2013,10:37 AM,17250.0,22.9,65.0,78.0,18.9,2419.6,24.2,311.0,8.86
4,5/8/2013,10:26 AM,5120.0,22.9,80.0,87.0,12.0,201.4,25.2,311.0,9.28
4,5/15/2013,10:28 AM,36540.0,27.2,5.0,40.0,1.0,231.0,25.7,333.0,8.25
4,5/21/2013,10:37 AM,26030.0,27.5,21.0,46.0,23.1,1986.3,27.2,332.0,8.67
4,5/22/2013,10:40 AM,10760.0,29.6,32.0,48.0,8.6,290.9,27.1,338.0,8.32
4,5/24/2013,10:34 AM,15150.0,27.8,14.0,54.0,17.1,360.9,28.6,326.0,8.91
4,5/26/2013,10:30 AM,22470.0,25.5,41.0,40.0,9.8,488.4,27.2,340.0,8.3
4,5/29/2013,10:34 AM,16700.0,26.9,46.0,49.0,10.8,1119.9,26.8,338.0,8.37
4,10/9/2013,10:00 AM,17260.0,22.9,76.0,40.0,1.0,260.3,27.2,204.0,7.98
4,10/16/2013,10:10 AM,17230.0,24.6,70.0,51.0,1.0,224.7,26.1,187.0,8.9
4,10/23/2013,10:00 AM,34480.0,24.5,107.0,48.0,23.8,2419.6,27.1,217.0,7.67
4,10/30/2013,9:40 AM,17230.0,22.5,88.0,61.0,8.5,488.4,22.9,272.0,8.23
4,11/6/2013,9:50 AM,38730.0,26.1,49.0,53.0,28.1,2419.6,22.9,267.0,7.95
4,11/13/2013,9:50 AM,2419.6,16.5,60.0,57.0,8.5,686.7,21.1,277.0,8.64
4,11/20/2013,10:00 AM,26130.0,24.0,80.0,67.0,122.2,1553.1,22.8,288.0,8.36
4,11/27/2013,9:55 AM,13340.0,19.6,38.0,76.0,42.6,686.7,21.2,290.0,8.45
4,12/3/2013,10:15 AM,7890.0,21.6,63.0,73.0,3.0,648.8,19.5,294.0,8.59
4,12/11/2013,10:15 AM,10860.0,21.6,61.0,90.0,2.0,517.2,22.4,159.0,8.89
4,12/18/2013,10:05 AM,11530.0,14.6,87.0,70.0,2.0,248.1,17.9,157.0,8.9
4,12/23/2013,10:00 AM,11980.0,24.9,92.0,51.0,1.0,410.6,21.9,172.0,9.13
4,12/30/2013,9:50 AM,19040.0,16.1,88.0,60.0,56.9,1732.9,19.6,160.0,5.09
4,1/7/2014,9:40 AM,21780.0,4.5,149.0,40.0,29.2,1119.9,14.7,169.0,7.29
4,1/8/2014,,12670.0,7.8,127.0,43.0,30.5,1553.1,13.2,168.0,7.3
4*,1/15/2014,10:10 AM,3640.0,13.3,8.3,54.0,1.0,122.3,17.9,167.0,7.33
4,1/22/2014,10:10 AM,6090.0,8.5,131.0,39.0,7.4,290.9,15.0,160.0,7.09
4,1/23/2014,10:45 AM,2280.0,9.8,102.0,37.0,7.4,89.2,14.3,156.0,6.69
4,1/24/2014,10:05 AM,1985.3,9.2,124.0,38.0,17.3,63.3,13.3,157.0,6.84
4,1/29/2014,9:40 AM,16160.0,12.1,103.0,46.0,3.0,10080.0,17.3,162.0,6.55
4,2/5/2014,10:30 AM,12590.0,24.8,142.0,39.0,4.1,1299.7,21.6,152.0,7.13
4,2/12/2014,10:00 AM,2750.0,19.0,110.0,35.0,3.0,57.1,19.2,163.0,7.26
4,2/13/2014,10:30 AM,15610.0,15.2,51.0,50.0,154.1,2419.6,18.6,149.0,7.07
4,2/19/2014,,14210.0,18.8,110.0,47.0,1.0,34.5,18.8,153.0,8.27
4*,2/26/2014,10:00 AM,33100.0,19.1,154.0,98.0,28.8,547.5,22.2,172.0,8.94
4,3/5/2014,10:20 AM,241960.0,20.4,121.0,118.0,4.1,613.1,22.5,168.0,8.8
4*,3/12/2014,9:40 AM,28090.0,20.8,103.0,77.0,22.6,2419.6,21.5,166.0,8.86
4,3/18/2014,9:45 AM,162400.0,17.0,123.0,129.0,2419.6,10980.0,20.6,119.0,8.64
4*,3/19/2014,9:45 AM,241960.0,17.2,114.0,65.0,1732.9,2419.6,21.5,121.0,7.99
4,3/26/2014,9:50 AM,73.8,7.8,82.0,74.0,1.0,106.7,19.1,126.0,9.17
4,4/2/2014,9:40 AM,3840.0,20.8,83.0,53.0,18.9,195.6,21.2,110.0,10.37
4,4/9/2014,10:00 AM,3990.0,15.8,90.0,62.0,2.0,488.4,22.1,113.0,10.07
4,4/16/2014,9:50 AM,2650.0,13.5,126.0,71.0,5.1,153.9,22.6,115.0,9.59
4,4/23/2014,9:40 AM,11220.0,21.0,143.0,50.0,7.4,172.3,22.6,126.0,9.83
4,4/30/2014,10:50 AM,32550.0,27.8,162.0,31.0,9.7,1119.9,27.6,137.0,8.53
4,5/7/2014,9:40 AM,61310.0,24.4,163.0,43.0,10.9,1732.9,26.9,125.0,8.3
4,5/14/2014,10:10 AM,241960.0,28.1,172.0,28.0,7.4,290.9,27.8,134.0,8.32
4,5/15/2014,10:10 AM,72700.0,28.9,172.0,33.0,9.8,1553.1,28.1,117.0,8.17
4,5/21/2014,9:45 AM,81640.0,25.0,140.0,44.0,2.0,57.6,26.0,130.0,8.91
4,5/28/2014,9:44 AM,23820.0,27.8,125.0,21.0,1.0,248.1,28.1,135.0,9.36
4,6/4/2014,9:55 AM,14010.0,28.4,144.0,58.0,1.0,2419.6,27.1,130.0,9.25
4,6/11/2014,9:35 AM,12590.0,26.9,151.0,36.0,5.2,191.8,29.0,140.0,8.56
4,6/18/2014,9:55 AM,11260.0,28.5,184.0,37.0,10.9,195.1,29.4,128.0,7.59
4,6/25/2014,9:40 AM,17250.0,30.5,195.0,38.0,2.0,13.5,30.5,135.0,7.89
5,11/7/2012,12:53 PM,9600.0,19.9,188.0,52.0,43.2,204.6,22.3,265.0,7.14
5,11/14/2012,12:32 PM,8620.0,24.7,178.0,31.0,3.1,517.2,22.4,273.0,8.63
5,11/21/2012,10:27 AM,7890.0,23.0,177.0,23.0,11.0,101.9,20.5,276.0,8.16
5,11/28/2012,12:25 PM,13340.0,26.3,169.0,44.0,15.3,365.4,23.1,270.0,9.49
5,12/5/2012,12:10 PM,11120.0,29.3,159.0,38.0,25.6,38.8,23.0,271.0,9.21
5,12/12/2012,10:36 AM,5810.0,27.5,175.0,18.0,31.8,228.2,23.6,272.0,8.59
5,12/19/2012,10:25 AM,11060.0,22.3,164.0,11.0,191.8,1299.7,21.0,286.0,7.41
5,12/23/2012,1:06 PM,22240.0,19.5,169.0,20.0,201.4,461.1,18.4,283.0,7.35
5,12/26/2012,12:22 PM,10760.0,23.1,165.0,17.0,209.8,235.9,19.8,278.0,7.71
5,1/2/2013,12:33 PM,3550.0,26.0,175.0,8.0,96.0,31.3,20.8,275.0,7.94
5,1/9/2013,10:56 AM,5910.0,25.8,157.0,5.0,980.4,218.7,21.7,276.0,7.77
5,1/16/2013,10:37 AM,2430.0,26.6,124.0,8.0,32.7,8.5,22.7,268.0,9.56
5,1/23/2013,10:30 AM,19680.0,18.4,86.0,10.0,686.7,123.6,18.3,267.0,8.86
5,1/30.2013,10:33 AM,8290.0,25.7,61.0,23.0,62.4,98.8,22.4,268.0,9.69
5,2/6/2013,10:42 AM,2419.6,23.4,82.0,27.0,37.9,248.1,19.7,271.0,10.58
5,2/13/2013,10:53 AM,2750.0,26.2,102.0,20.0,4.1,19.7,19.4,322.0,9.68
5,2/15/2013,11:08 AM,14670.0,15.5,117.0,20.0,83.6,139.6,19.1,251.0,9.32
5,2/17/2013,10:55 AM,7710.0,12.6,58.0,20.0,38.8,72.7,18.4,260.0,9.38
5,2/18/2013,11:08 AM,2920.0,19.5,113.0,25.0,15.8,33.1,18.7,254.0,9.32
5,2/20/2013,10:32 AM,2419.6,25.1,115.0,30.0,18.7,43.1,20.4,252.0,9.89
5,2/27/2013,10:43 AM,1413.6,24.7,115.0,26.0,3.1,11.0,22.6,250.0,9.98
5,3/6/2013,10:49 AM,228.2,16.2,112.0,36.0,6.3,16.0,29.0,259.0,10.25
5,3/13/2013,10:50 AM,613.1,19.4,110.0,51.0,32.3,71.7,18.4,252.0,10.14
5,3/20/2013,10:12 AM,135.4,20.7,100.0,37.0,7.5,62.4,22.0,267.0,10.48
5,3/23/2013,8:30 AM,866.4,19.0,61.0,45.0,12.1,2419.6,19.3,225.0,9.97
5,3/25/2013,10:49 AM,4200.0,20.9,81.0,37.0,2.0,2419.6,21.5,207.0,9.5
5,3/27/2013,10:30 AM,4500.0,13.3,21.0,42.0,11.0,54.4,17.9,215.0,9.72
5,4/3/2013,11:11 AM,1732.9,27.7,28.0,5.0,21.6,44.8,23.8,231.0,7.91
5,4/6/2013,10:41 AM,83900.0,20.8,44.0,4.0,4.1,26.2,22.0,232.0,7.78
5,4/8/2013,11:01 AM,435200.0,25.9,105.0,7.0,16.1,48.2,23.6,236.0,8.32
5,4/10/2013,10:45 AM,9080.0,27.5,100.0,13.0,2.0,34.5,24.1,232.0,9.72
5,4/17/2013,10:09 AM,3930.0,27.4,84.0,14.0,2.0,40.2,26.2,233.0,9.78
5,4/20/2013,10:42 AM,2419.6,19.5,80.0,17.0,43.5,117.8,25.8,222.0,10.03
5,4/22/2013,10:23 AM,1046.2,21.5,79.0,15.0,1.0,13.2,24.2,227.0,9.51
5,4/24/2013,11:06 AM,5730.0,26.3,90.0,54.0,1.0,28.7,25.5,228.0,10.16
5,4/30/2013,11:18 AM,16160.0,27.0,77.0,39.0,36.4,5560.0,28.0,213.0,10.18
5,5/1/2013,10:49 AM,5290.0,22.1,98.0,28.0,151.0,1046.2,25.1,206.0,9.86
5,5/2/2013,10:04 AM,185000.0,22.4,66.0,18.0,290.9,18500.0,23.8,204.0,8.66
5,5/7/2013,10:49 AM,7940.0,23.6,59.0,25.0,2.0,629.4,25.2,176.0,9.67
5,5/8/2013,10:36 AM,2419.6,27.5,49.0,27.0,7.5,146.7,25.7,181.0,9.77
5,5/15/2013,10:36 AM,3450.0,27.2,25.0,18.0,1.0,27.2,26.6,191.0,10.05
5,5/21/2013,10:49 AM,2880.0,28.4,30.0,22.0,1.0,109.5,28.9,191.0,10.06
5,5/22/2013,10:49 AM,69100.0,26.5,17.0,18.0,2.0,48.1,29.0,188.0,9.87
5,5/24/2013,10:45 AM,2419.6,29.5,19.0,16.0,1.0,13.4,28.6,188.0,9.84
5,5/26/2013,10:40 AM,13140.0,26.2,43.0,21.0,2.0,196.8,28.0,192.0,9.45
5,5/29/2013,10:44 AM,14830.0,25.3,49.0,18.0,5.2,686.7,27.6,190.0,9.6
5,10/9/2013,10:10 AM,29240.0,21.3,74.0,27.0,6.3,2419.6,27.8,169.0,8.02
5,10/16/2013,10:20 AM,29240.0,24.0,68.0,26.0,5.2,2419.6,27.2,260.0,8.03
5,10/23/2013,10:15 AM,7120.0,24.2,93.0,37.0,5.2,261.3,27.2,271.0,9.03
5,10/30/2013,9:45 AM,3010.0,21.1,61.0,31.0,1.0,110.0,23.3,283.0,8.62
5,11/6/2013,10:00 AM,9060.0,24.0,64.0,26.0,24.1,285.1,23.6,225.0,7.61
5,11/13/2013,10:00 AM,3590.0,17.8,52.0,30.0,15.8,307.6,22.1,263.0,8.96
5,11/20/2013,10:15 AM,8570.0,24.4,76.0,14.0,66.3,101.2,22.8,262.0,7.41
5,11/27/2013,10:10 AM,9590.0,19.3,35.0,22.0,284.2,111.2,21.8,265.0,9.01
5,12/3/2013,10:20 AM,4100.0,22.0,53.0,18.0,14.6,17.5,19.6,255.0,9.39
5,12/11/2013,10:45 AM,19680.0,17.8,136.0,14.0,21.8,184.2,22.1,160.0,8.5
5,12/18/2013,10:15 AM,19350.0,14.4,86.0,24.0,36.4,148.3,19.2,137.0,8.7
5,12/23/2013,10:15 AM,6770.0,25.0,84.0,75.0,3.1,115.3,22.9,144.0,9.54
5,12/30/2013,10:00 AM,3360.0,16.3,85.0,59.0,14.1,579.4,19.8,121.0,5.08
5,1/7/2014,9:50 AM,8550.0,4.2,143.0,53.0,4.1,222.4,16.7,134.0,7.28
5,1/8/2014,10:00 AM,6310.0,8.2,124.0,52.0,7.5,325.5,14.8,128.0,7.25
5,1/15/2014,10:30 AM,2419.6,13.2,82.0,51.0,5.2,10.6,18.0,149.0,7.4
5,1/22/2014,10:15 AM,2419.6,8.5,125.0,41.0,2.0,66.3,16.7,134.0,6.96
5,1/23/2014,10:50 AM,2419.6,9.8,133.0,36.0,1.0,30.1,16.2,126.0,6.61
5,1/24/2014,10:10 AM,2419.6,9.5,123.0,31.0,3.0,23.8,15.0,129.0,6.79
5,1/29/2014,9:50 AM,8570.0,12.2,130.0,16.0,2.0,32.9,17.4,133.0,6.6
5,2/5/2014,10:35 AM,12340.0,24.8,126.0,13.0,1.0,24.1,22.0,136.0,7.09
5,2/12/2014,10:05 AM,325.5,19.1,80.0,15.0,1.0,6.1,19.2,132.0,7.24
5,2/13/2014,,1203.3,16.1,22.0,25.0,1.0,365.4,19.6,123.0,6.98
5,2/19/2014,,816.4,19.9,131.0,30.0,1.0,18.3,20.1,129.0,8.23
5*,2/26/2014,10:10 AM,1299.7,19.1,89.0,29.0,1.0,4.1,23.0,135.0,10.28
5,3/5/2014,10:30 AM,123600.0,22.2,82.0,21.0,1.0,15.5,22.8,128.0,9.79
5,3/12/2014,9:50 AM,19890.0,20.8,75.0,31.0,1.0,23.5,21.5,130.0,9.63
5,3/18/2014,9:50 AM,41060.0,16.9,82.0,47.0,21.1,6500.0,21.4,106.0,9.54
5*,3/19/2014,10:00 AM,26130.0,18.1,83.0,31.0,50.4,2419.6,21.7,105.0,8.66
5,3/26/2014,9:50 AM,22.3,8.5,107.0,27.0,1.0,62.9,21.2,109.0,8.57
5,4/2/2014,9:45 AM,46110.0,20.7,108.0,25.0,19.7,261.3,21.8,87.0,9.72
5,4/9/2014,10:05 AM,13140.0,16.1,130.0,10.0,5.2,613.1,23.4,90.0,8.81
5,4/16/2014,10:00 AM,2010.0,13.5,162.0,22.0,2.0,47.9,23.6,90.0,8.61
5,4/23/2014,9:50 AM,3090.0,21.2,113.0,45.0,1.0,111.8,22.9,95.0,10.51
5,4/30/2014,10:55 AM,241960.0,27.8,83.0,26.0,2.0,462.4,27.9,93.0,10.71
5,5/7/2014,9:50 AM,22820.0,24.7,136.0,27.0,22.6,648.8,27.1,83.0,9.38
5,5/14/2014,10:15 AM,18600.0,28.0,122.0,57.0,3.1,461.1,27.8,87.0,10.05
5,5/15/2014,10:15 AM,20640.0,28.5,143.0,69.0,14.6,2490.0,28.2,7.3,9.33
5,5/21/2014,9:55 AM,9870.0,25.1,127.0,43.0,15.6,49.0,26.1,84.0,9.42
5,5/28/2014,9:51 AM,4350.0,28.3,83.0,45.0,1.0,201.4,28.1,87.0,10.44
5,6/4/2014,10:05 AM,2690.0,28.4,132.0,73.0,2.1,1732.9,27.4,81.0,9.6
5,6/11/2014,9:40 AM,68670.0,27.1,132.0,54.0,70.8,131.4,28.3,87.0,9.14
5,6/18/2014,10:05 AM,12590.0,28.4,159.0,54.0,8.5,313.0,29.5,60.0,8.91
5,6/25/2014,9:45 AM,4500.0,30.6,142.0,45.0,2.0,8.6,30.7,69.0,9.69
6,11/7/2012,1:19 PM,17850.0,20.8,162.0,31.0,8.6,547.5,22.0,329.0,7.25
6,11/14/2012,12:49 PM,20640.0,23.7,200.0,25.0,160.7,866.4,21.3,344.0,7.14
6,11/21/2012,10:50 AM,20980.0,23.9,184.0,24.0,2.0,613.1,19.7,347.0,7.34
6,11/28/2012,12:45 PM,12590.0,27.0,191.0,32.0,1.0,146.7,20.2,347.0,7.14
6,12/5/2012,12:24 PM,6370.0,30.1,178.0,42.0,1.0,93.4,23.8,345.0,7.23
6,12/12/2012,10:48 AM,9320.0,29.1,178.0,13.0,1.0,82.9,24.3,347.0,7.12
6,12/19/2012,10:41 AM,3310.0,23.4,169.0,13.0,1.0,20.6,21.8,355.0,7.28
6,12/23/2012,1:19 PM,157600.0,21.8,173.0,25.0,98.8,2419.6,19.2,341.0,7.13
6,12/26/2012,12:33 PM,3990.0,20.6,164.0,17.0,2.0,343.6,19.3,333.0,7.58
6,1/2/2013,12:50 PM,4870.0,26.3,167.0,26.0,1.0,47.5,23.5,328.0,8.88
6,1/9/2013,11:16 AM,2419.6,25.7,164.0,22.0,3.1,19.9,22.7,322.0,8.05
6,1/16/2013,10:48 AM,3590.0,26.2,149.0,17.0,1.0,27.5,23.7,349.0,7.7
6,1/23/2013,10:41 AM,2130.0,19.0,98.0,14.0,2.0,48.0,18.3,252.0,8.55
6,1/30.2013,10:45 AM,2010.0,25.5,75.0,19.0,1.0,34.1,23.0,342.0,9.12
6,2/6/2012,10:54 AM,648800.0,22.4,113.0,11.0,1.0,34.1,21.0,339.0,9.87
6,2/13/2013,11:05 AM,198630.0,26.2,81.0,32.0,5.2,6.3,20.9,273.0,8.92
6,2/15/2013,11:21 AM,142100.0,14.9,135.0,24.0,5.2,325.5,20.7,327.0,7.97
6,2/17/2013,11:07 AM,52900.0,13.3,70.0,17.0,1.0,160.7,19.7,329.0,8.2
6,2/18/2013,11:20 AM,54750.0,17.0,130.0,24.0,3.1,183.5,18.5,320.0,8.11
6,2/20/2013,10:44 AM,26130.0,21.6,135.0,15.0,1.0,101.4,19.9,306.0,8.78
6,2/27/2013,10:56 AM,2280.0,23.0,127.0,13.0,1.0,38.4,23.1,285.0,8.8
6,3/6/2013,11:01 AM,4200.0,18.5,132.0,32.0,1.0,98.4,19.6,304.0,8.57
6,3/13/2013,11:03 AM,17890.0,20.5,129.0,31.0,4.1,1046.2,20.0,296.0,8.82
6,3/20/2013,10:24 AM,6130.0,22.3,111.0,60.0,2.0,139.1,23.3,294.0,9.12
6,3/23/2013,8:45 AM,8664000.0,18.7,78.0,43.0,2720.0,92080.0,21.0,282.0,8.24
6,3/25/2013,11:00 AM,143900.0,19.0,94.0,15.0,135.1,1732.9,22.1,267.0,8.12
6,3/27/2013,10:42 AM,54600.0,13.6,31.0,29.0,26.9,157.0,18.9,260.0,8.98
6,4/3/2013,11:23 AM,8160.0,27.9,30.0,36.0,3.0,42.8,24.0,266.0,9.55
6,4/6/2013,10:41 AM,613100.0,20.9,35.0,19.0,61.3,3270.0,22.4,315.0,7.55
6,4/8/2013,11:01 AM,51200.0,30.5,114.0,17.0,8.4,2419.6,24.6,326.0,7.71
6,4/10/2013,10:45 AM,17890.0,26.9,112.0,36.0,5.2,163.8,25.1,314.0,8.88
6,4/17/2013,10:09 AM,6700.0,26.9,92.0,19.0,1.0,34.1,25.9,318.0,9.15
6,4/20/2013,10:42 AM,23590.0,20.4,95.0,25.0,4.1,316.9,25.4,310.0,8.56
6,4/22/2013,10:23 AM,4800.0,21.5,93.0,28.0,5.2,101.0,23.5,317.0,8.07
6,4/24/2013,11:06 AM,2419.6,28.3,93.0,81.0,5.2,191.8,26.3,304.0,9.35
6,4/30/2013,11:18 AM,107600.0,27.5,88.0,25.0,225.4,2419.6,27.7,301.0,9.01
6,5/1/2013,10:49 AM,54750.0,21.8,106.0,22.0,67.0,613.1,25.2,300.0,9.23
6,5/2/2013,10:04 AM,93300.0,22.9,71.0,17.0,44.3,2419.6,24.0,311.0,8.66
6,5/7/2013,10:49 AM,155310.0,22.2,65.0,37.0,70.3,2419.6,25.0,272.0,9.3
6,5/8/2013,10:36 AM,9580.0,27.0,62.0,28.0,24.6,1732.9,25.4,280.0,9.32
6,5/15/2013,10:36 AM,60500.0,27.8,8.0,30.0,128.1,2419.6,26.3,310.0,8.96
6,5/21/2013,10:49 AM,161600.0,27.6,10.0,21.0,260.3,2419.6,27.9,314.0,8.72
6,5/22/2013,10:49 AM,83300.0,27.5,33.0,28.0,259.5,2419.6,29.7,312.0,8.8
6,5/24/2013,10:45 AM,344800.0,29.0,2.0,23.0,133.6,579.4,28.7,301.0,8.37
6,5/26/2013,10:40 AM,86640.0,27.2,34.0,18.0,135.4,1299.7,26.8,307.0,8.7
6,5/29/2013,11:01 AM,137600.0,26.5,36.0,27.0,275.5,2419.6,26.9,312.0,8.81
6,10/9/2013,10:25 AM,173290.0,21.6,73.0,107.0,55.2,2419.6,26.2,271.0,7.68
6,10/16/2013,10:30 AM,29090.0,25.6,69.0,49.0,12.2,2810.0,26.7,324.0,7.14
6,10/23/2013,10:30 AM,21420.0,22.7,103.0,81.0,69.7,2419.6,26.8,28.0,7.17
6,10/30/2013,10:00 AM,9590.0,24.5,80.0,20.0,9.7,178.2,23.2,330.0,7.39
6,11/6/2013,10:15 AM,10500.0,28.0,58.0,30.0,26.9,365.4,23.8,281.0,7.07
6,11/13/2013,10:15 AM,12460.0,19.9,70.0,46.0,2.0,260.3,22.2,312.0,7.29
6,11/20/2013,10:30 AM,10190.0,24.9,73.0,34.0,4.1,172.3,23.1,312.0,6.7
6,11/27/2013,10:15 AM,9330.0,19.0,40.0,38.0,10.7,139.6,21.4,399.0,6.94
6,12/3/2013,10:30 AM,9850.0,23.0,74.0,37.0,2.0,107.1,19.8,326.0,6.66
6,12/11/2013,10:30 AM,20460.0,21.7,75.0,39.0,6.3,145.5,22.4,189.0,7.2
6,12/18/2013,10:30 AM,17850.0,14.9,85.0,36.0,2.0,344.8,18.2,137.0,8.68
6,12/23/2013,10:25 AM,30760.0,25.0,117.0,,3.1,365.4,23.3,188.0,7.13
6,12/30/2013,10:20 AM,167000.0,15.6,90.0,62.0,111.2,9330.0,20.0,176.0,5.37
6,1/7/2014,10:00 AM,22090.0,4.2,157.0,24.0,17.1,770.1,17.1,183.0,7.23
6,1/8/2014,10:10 AM,7760.0,9.9,134.0,20.0,5.1,181.9,14.5,171.0,7.3
6,1/15/2014,10:30 AM,24890.0,18.1,40.0,24.0,13.2,29.7,13.4,190.0,7.35
6,1/22/2014,10:30 AM,7490.0,8.6,144.0,37.0,14.6,1732.9,17.9,178.0,7.03
6,1/23/2014,11:10 AM,11520.0,10.3,149.0,44.0,5.2,410.6,16.1,173.0,6.61
6,1/24/2014,10:20 AM,12960.0,10.3,143.0,33.0,5.2,125.9,17.3,183.0,6.68
6,1/29/2014,10:00 AM,5200.0,12.2,139.0,32.0,3.1,1222.2,19.1,180.0,6.95
6,2/5/2014,10:50 AM,4020.0,25.3,185.0,19.0,7.5,38.6,23.0,174.0,7.03
6,2/12/2014,10:20 AM,6050.0,19.2,168.0,17.0,1.0,16.0,21.2,172.0,7.3
6,2/13/2014,10:50 AM,48840.0,15.0,107.0,43.0,141.4,2419.6,20.5,163.0,7.06
6,2/19/2014,10:15 AM,77.6,22.1,140.0,48.0,1.0,36.7,21.1,176.0,7.87
6,2/26/2014,10:25 AM,13960.0,19.1,169.0,6.0,1.0,9.6,23.7,177.0,8.74
6,3/5/2014,10:45 AM,9850.0,22.3,122.0,32.0,1.0,64.5,22.9,168.0,8.91
6,3/12/2014,9:55 AM,10810.0,20.8,95.0,12.0,1.0,31.8,21.8,171.0,9.03
6,3/18/2014,10:05 AM,1553100.0,17.0,153.0,55.0,550.4,104620.0,21.8,156.0,8.05
6*,3/19/2014,10:10 AM,201400.0,17.9,134.0,24.0,61.4,4480.0,21.9,153.0,7.33
6,3/26/2014,10:05 AM,241960.0,9.0,137.0,28.0,6.3,1986.3,20.8,168.0,7.87
6,4/2/2014,10:00 AM,98800.0,21.8,164.0,29.0,20.3,2419.6,22.3,148.0,8.02
6,4/9/2014,10:15 AM,95600.0,16.2,162.0,15.0,3.1,122.3,23.4,162.0,7.77
6,4/16/2014,10:10 AM,129970.0,13.9,193.0,32.0,3.1,120.1,23.1,168.0,8.07
6,4/23/2014,10:00 AM,7170.0,21.2,155.0,24.0,3.1,40.5,23.1,167.0,9.47
6,4/30/2014,11:05 AM,272300.0,28.0,135.0,30.0,26.9,549.3,28.3,165.0,9.5
6,5/7/2014,10:00 AM,866400.0,25.3,135.0,25.0,3.1,104.6,27.3,156.0,9.48
6*,5/14/2014,10:30 AM,14550.0,28.5,134.0,27.0,20.3,365.4,28.1,169.0,9.79
6*,5/15/2014,10:25 AM,13740.0,28.4,133.0,48.0,13.5,461.1,28.2,154.0,9.55
6,5/21/2014,10:00 AM,18420.0,25.2,167.0,30.0,46.7,344.8,26.4,176.0,8.24
6,5/28/2014,10:04 AM,8160.0,27.6,127.0,29.0,1.0,162.4,27.2,161.0,9.26
6,6/4/2014,10:15 AM,13340.0,28.5,173.0,22.0,5.2,920.8,27.5,173.0,8.14
6,6/11/2014,9:50 AM,7580.0,26.3,162.0,28.0,2.0,95.9,27.6,168.0,8.32
6,6/18/2014,10:15 AM,22820.0,28.5,189.0,27.0,77.1,145.0,29.6,116.0,7.76
6,6/25/2014,10:00 AM,12590.0,30.6,199.0,8.0,2.0,8.3,31.0,137.0,7.81
1,11/7/2012,11:10 AM,1460.0,17.7,110.0,24.0,1.0,12.1,20.6,186.0,9.81
1,11/14/2012,11:20 AM,4480.0,23.2,102.0,31.0,1.0,31.3,21.4,208.0,10.17
1,11/21/2012,9:13 AM,2310.0,20.7,119.0,21.0,1.0,17.3,18.6,200.0,9.6
1,11/28/2012,11:21 AM,1732.9,25.4,101.0,35.0,1.0,70.6,19.9,217.0,9.96
1,12/5/2012,11:05 AM,2419.6,29.0,105.0,69.0,1.0,35.4,21.1,220.0,9.97
1*,12/12/2012,9:20 AM,54750.0,22.1,111.0,24.0,50.4,2419.6,22.2,232.0,8.65
1,12/19/2012,9:22 AM,2650.0,20.8,110.0,18.0,2.0,90.9,19.1,231.0,9.29
1,12/23/2012,12:08 PM,8620.0,17.6,114.0,19.0,19.7,920.8,17.8,252.0,9.18
1*,12/26/2012,11:25 AM,4650.0,24.1,113.0,40.0,55.6,1732.9,19.2,249.0,9.48
1,1/2/2013,11:29 AM,547.5,27.3,157.0,39.0,1.0,30.1,20.6,252.0,9.54
1,1/9/2013,9:56 AM,816.4,26.7,97.0,74.0,1.0,49.7,21.8,253.0,9.8
1,1/16/2013,9:43 AM,980.4,24.6,71.0,13.0,1.0,26.9,21.6,250.0,9.99
1,1/23/2013,9:43 AM,770.1,15.9,62.0,22.0,1.0,49.5,16.8,276.0,9.05
1,1/30.2013,9:37 AM,461.1,23.3,36.0,33.0,1.0,9.7,21.2,268.0,9.41
1,2/6/2013,9:51 AM,224.7,20.0,82.0,29.0,1.0,3.1,17.8,265.0,9.45
1,2/13/2013,9:50 AM,325.5,23.6,80.0,47.0,1.0,8.5,17.8,753.0,8.69
1,2/15/2013,10:04 AM,7030.0,13.1,109.0,21.0,29.8,2419.6,18.2,336.0,9.52
1,2/17/2013,9:40 AM,1203.3,9.2,41.0,27.0,6.3,58.6,16.5,272.0,9.29
1,2/18/2013,10:09 AM,9590.0,15.5,136.0,16.0,22.8,193.5,18.6,298.0,8.65
1,2/20/2013,9:42 AM,8820.0,19.9,223.0,17.0,5.2,98.5,19.1,291.0,8.72
1,2/27/2013,9:41 AM,8130.0,19.6,109.0,13.0,22.1,133.3,22.0,294.0,9.16
1,3/6/2013,9:58 AM,1046.2,17.4,123.0,24.0,3.1,9.7,18.2,289.0,9.19
1,3/13/2013,9:55 AM,57940.0,16.9,115.0,16.0,7.4,63.1,18.2,273.0,9.17
1,3/20/2013,9:15 AM,2160.0,19.8,109.0,15.0,4.1,60.2,21.5,269.0,9.29
1,3/23/2013,7:32 AM,166400.0,18.0,58.0,26.0,209.8,27550.0,18.8,250.0,9.16
1,3/25/2013,9:39 AM,36540.0,19.2,68.0,17.0,127.4,325.5,20.2,250.0,8.88
1,3/27/2013,9:40 AM,156500.0,9.4,10.0,46.0,579.4,980.4,17.0,263.0,8.64
1,4/3/2013,10:11 AM,172.3,24.3,60.0,20.0,2.0,2.0,23.5,251.0,9.94
1,4/6/2013,9:35 AM,3840.0,17.2,76.0,20.0,1.0,980.4,20.6,249.0,9.48
1,4/8/2013,10:00 AM,2419.6,23.8,90.0,15.0,5.2,13.4,22.5,249.0,9.51
1,4/10/2013,9:50 AM,2560.0,23.9,93.0,20.0,3.1,12.1,22.9,251.0,9.41
1,4/17/2013,9:13 AM,1553.1,24.4,82.0,28.0,1.0,75.9,25.8,270.0,9.17
1,4/20/2013,9:38 AM,32550.0,19.6,75.0,29.0,55.7,16160.0,25.4,259.0,8.91
1,4/22/2013,9:27 AM,4080.0,19.3,80.0,28.0,10.7,1046.2,24.1,263.0,8.57
1,4/24/2013,9:57 AM,686.7,23.8,94.0,16.0,1.0,60.5,24.4,266.0,8.64
1*,4/30/2013,10:08 AM,131700.0,23.0,85.0,26.0,344.8,51720.0,25.4,259.0,8.46
1,5/1/2013,9:51 AM,2419.6,23.2,104.0,17.0,6.2,7120.0,25.8,274.0,8.12
1,5/2/2013,8:54 AM,41060.0,20.7,57.0,24.0,39.5,81640.0,24.2,260.0,7.94
1,5/7/2013,9:45 AM,1413.6,20.3,55.0,30.0,1.0,227.9,24.3,257.0,8.55
1,5/8/2013,9:42 AM,980.4,24.4,48.0,31.0,2.0,74.3,24.6,256.0,8.7
1,5/15/2013,9:42 AM,410.6,24.7,35.0,20.0,1.0,36.7,25.5,262.0,8.83
1*,5/21/2013,9:45 AM,12340.0,25.5,57.0,28.0,65.7,4480.0,27.9,245.0,8.92
1,5/22/2013,9:42 AM,9600.0,24.7,1.0,21.0,21.6,1986.3,27.3,246.0,8.81
1,5/24/2013,9:43 AM,29090.0,28.4,41.0,22.0,17.5,2419.6,27.6,204.0,8.08
1,5/26/2013,9:39 AM,3730.0,26.7,72.0,17.0,3.1,1119.9,26.6,205.0,8.32
1,5/29/2013,9:45 AM,488.4,25.6,94.0,14.0,2.0,71.4,26.9,204.0,9.08
1,10/9/2013,9:00 AM,2620.0,22.9,82.0,14.0,4.1,63.8,26.9,158.0,7.82
1,10/16/2013,9:10 AM,1732.9,22.8,93.0,5.0,4.1,71.2,26.0,85.0,7.86
1,10/23/2013,9:00 AM,4110.0,24.1,117.0,9.0,9.6,154.1,27.7,228.0,7.69
1,10/30/2013,8:50 AM,34410.0,21.5,74.0,1.0,4.1,65.2,23.4,298.0,8.46
1,11/6/2013,9:00 AM,2920.0,24.6,26.0,7.0,1.0,17.2,23.3,330.0,8.73
1,11/13/2013,9:00 AM,2419.6,17.7,37.0,18.0,1.0,12.1,21.4,320.0,9.08
1,11/20/2013,9:15 AM,1986.3,24.0,77.0,8.0,1.0,10.9,22.7,260.0,8.58
1,11/27/2013,9:10 AM,2560.0,20.2,11.0,9.0,72.3,161.6,21.3,254.0,8.65
1,12/3/2013,9:30 AM,3740.0,22.0,39.0,8.0,1.0,13.4,19.7,271.0,8.72
1,12/11/2013,9:30 AM,1732.9,19.8,73.0,9.0,1.0,28.5,22.1,170.0,8.7
1,12/18/2013,9:15 AM,1553.1,13.0,87.0,9.0,2.0,15.2,18.0,124.0,8.68
1,12/23/2013,9:15 AM,325.5,24.1,53.0,8.0,2.0,27.5,21.5,179.0,9.05
1,12/30/2013,9:00 AM,5880.0,17.0,84.0,18.0,9.7,307.6,18.8,113.0,8.84
1,1/7/2014,8:50 AM,2880.0,2.8,147.0,13.0,135.4,161.6,18.5,19.5,7.35
1,1/8/2014,9:00 AM,1732.9,7.5,129.0,10.0,42.6,59.2,16.7,175.0,7.38
1,1/15/2014,9:20 AM,2419.6,12.5,95.0,10.0,3.1,488.4,17.5,154.0,7.46
1,1/22/2014,9:20 AM,2419.6,7.0,131.0,5.0,1.0,35.0,13.7,168.0,7.34
1,1/23/2014,9:55 AM,410.6,9.5,132.0,4.0,2.0,4.1,14.1,130.0,7.03
1,1/24/2014,9:20 AM,1046.2,8.6,154.0,6.0,1.0,1.0,12.0,130.0,7.18
1,1/29/2014,9:00 AM,2419.6,13.6,119.0,9.0,3.1,110.6,16.5,155.0,7.35
